Month,Tag,Cumulative
----------,----------------,----------
2008-08-01,c questions,83
2008-08-01,c++ questions,164
2008-08-01,java questions,222
2008-08-01,python questions,120
2008-09-01,c questions,401
2008-09-01,c++ questions,917
2008-09-01,java questions,1355
2008-09-01,python questions,657
2008-10-01,c questions,704
2008-10-01,c++ questions,1726
2008-10-01,java questions,2506
2008-10-01,python questions,1165
2008-11-01,c questions,963
2008-11-01,c++ questions,2460
2008-11-01,java questions,3463
2008-11-01,python questions,1617
2008-12-01,c questions,1152
2008-12-01,c++ questions,3091
2008-12-01,java questions,4291
2008-12-01,python questions,2056
2009-01-01,c questions,1471
2009-01-01,c++ questions,3942
2009-01-01,java questions,5439
2009-01-01,python questions,2687
2009-02-01,c questions,1803
2009-02-01,c++ questions,4784
2009-02-01,java questions,6645
2009-02-01,python questions,3316
2009-03-01,c questions,2233
2009-03-01,c++ questions,5835
2009-03-01,java questions,8080
2009-03-01,python questions,4080
2009-04-01,c questions,2690
2009-04-01,c++ questions,6854
2009-04-01,java questions,9611
2009-04-01,python questions,4847
2009-05-01,c questions,3170
2009-05-01,c++ questions,8069
2009-05-01,java questions,11426
2009-05-01,python questions,5845
2009-06-01,c questions,3670
2009-06-01,c++ questions,9319
2009-06-01,java questions,13539
2009-06-01,python questions,6887
2009-07-01,c questions,4209
2009-07-01,c++ questions,10784
2009-07-01,java questions,15794
2009-07-01,python questions,8047
2009-08-01,c questions,4739
2009-08-01,c++ questions,12184
2009-08-01,java questions,17981
2009-08-01,python questions,9183
2009-09-01,c questions,5311
2009-09-01,c++ questions,13645
2009-09-01,java questions,20242
2009-09-01,python questions,10348
2009-10-01,c questions,6086
2009-10-01,c++ questions,15330
2009-10-01,java questions,22744
2009-10-01,python questions,11768
2009-11-01,c questions,7045
2009-11-01,c++ questions,17079
2009-11-01,java questions,25504
2009-11-01,python questions,13322
2009-12-01,c questions,7895
2009-12-01,c++ questions,18732
2009-12-01,java questions,28190
2009-12-01,python questions,14911
2010-01-01,c questions,8875
2010-01-01,c++ questions,20730
2010-01-01,java questions,31916
2010-01-01,python questions,16857
2010-02-01,c questions,9909
2010-02-01,c++ questions,23006
2010-02-01,java questions,35492
2010-02-01,python questions,18719
2010-03-01,c questions,11023
2010-03-01,c++ questions,25441
2010-03-01,java questions,39935
2010-03-01,python questions,20792
2010-04-01,c questions,12204
2010-04-01,c++ questions,27930
2010-04-01,java questions,43820
2010-04-01,python questions,22604
2010-05-01,c questions,13385
2010-05-01,c++ questions,30350
2010-05-01,java questions,47990
2010-05-01,python questions,24612
2010-06-01,c questions,14540
2010-06-01,c++ questions,33175
2010-06-01,java questions,52271
2010-06-01,python questions,26817
2010-07-01,c questions,15827
2010-07-01,c++ questions,35859
2010-07-01,java questions,56787
2010-07-01,python questions,29408
2010-08-01,c questions,17192
2010-08-01,c++ questions,38495
2010-08-01,java questions,61489
2010-08-01,python questions,31898
2010-09-01,c questions,18567
2010-09-01,c++ questions,41228
2010-09-01,java questions,66205
2010-09-01,python questions,34144
2010-10-01,c questions,20008
2010-10-01,c++ questions,44161
2010-10-01,java questions,71232
2010-10-01,python questions,36816
2010-11-01,c questions,21683
2010-11-01,c++ questions,47536
2010-11-01,java questions,76828
2010-11-01,python questions,39422
2010-12-01,c questions,23151
2010-12-01,c++ questions,50673
2010-12-01,java questions,82506
2010-12-01,python questions,41904
2011-01-01,c questions,24611
2011-01-01,c++ questions,54164
2011-01-01,java questions,89044
2011-01-01,python questions,44806
2011-02-01,c questions,26246
2011-02-01,c++ questions,57606
2011-02-01,java questions,95914
2011-02-01,python questions,47817
2011-03-01,c questions,28355
2011-03-01,c++ questions,61785
2011-03-01,java questions,104388
2011-03-01,python questions,51566
2011-04-01,c questions,30393
2011-04-01,c++ questions,65948
2011-04-01,java questions,112286
2011-04-01,python questions,54906
2011-05-01,c questions,32216
2011-05-01,c++ questions,69830
2011-05-01,java questions,120853
2011-05-01,python questions,58418
2011-06-01,c questions,33978
2011-06-01,c++ questions,73640
2011-06-01,java questions,128763
2011-06-01,python questions,61886
2011-07-01,c questions,35635
2011-07-01,c++ questions,77490
2011-07-01,java questions,136923
2011-07-01,python questions,65548
2011-08-01,c questions,37459
2011-08-01,c++ questions,81442
2011-08-01,java questions,145613
2011-08-01,python questions,69375
2011-09-01,c questions,39373
2011-09-01,c++ questions,85386
2011-09-01,java questions,153944
2011-09-01,python questions,72895
2011-10-01,c questions,41511
2011-10-01,c++ questions,89741
2011-10-01,java questions,162507
2011-10-01,python questions,76520
2011-11-01,c questions,43709
2011-11-01,c++ questions,94224
2011-11-01,java questions,172160
2011-11-01,python questions,80398
2011-12-01,c questions,45714
2011-12-01,c++ questions,98586
2011-12-01,java questions,181372
2011-12-01,python questions,84019
2012-01-01,c questions,47948
2012-01-01,c++ questions,103134
2012-01-01,java questions,191522
2012-01-01,python questions,88231
2012-02-01,c questions,50355
2012-02-01,c++ questions,108239
2012-02-01,java questions,202482
2012-02-01,python questions,92724
2012-03-01,c questions,53086
2012-03-01,c++ questions,113474
2012-03-01,java questions,214890
2012-03-01,python questions,97763
2012-04-01,c questions,55755
2012-04-01,c++ questions,118783
2012-04-01,java questions,226923
2012-04-01,python questions,102683
2012-05-01,c questions,58238
2012-05-01,c++ questions,123773
2012-05-01,java questions,239109
2012-05-01,python questions,107785
2012-06-01,c questions,60547
2012-06-01,c++ questions,128423
2012-06-01,java questions,250212
2012-06-01,python questions,113064
2012-07-01,c questions,62918
2012-07-01,c++ questions,133702
2012-07-01,java questions,262463
2012-07-01,python questions,118788
2012-08-01,c questions,65235
2012-08-01,c++ questions,138863
2012-08-01,java questions,274717
2012-08-01,python questions,124648
2012-09-01,c questions,67764
2012-09-01,c++ questions,143772
2012-09-01,java questions,286333
2012-09-01,python questions,129896
2012-10-01,c questions,70915
2012-10-01,c++ questions,149685
2012-10-01,java questions,299826
2012-10-01,python questions,136022
2012-11-01,c questions,74109
2012-11-01,c++ questions,155953
2012-11-01,java questions,313434
2012-11-01,python questions,142411
2012-12-01,c questions,76671
2012-12-01,c++ questions,161635
2012-12-01,java questions,325850
2012-12-01,python questions,148164
2013-01-01,c questions,79576
2013-01-01,c++ questions,167674
2013-01-01,java questions,339556
2013-01-01,python questions,154728
2013-02-01,c questions,82667
2013-02-01,c++ questions,173738
2013-02-01,java questions,353244
2013-02-01,python questions,161451
2013-03-01,c questions,86106
2013-03-01,c++ questions,180919
2013-03-01,java questions,369145
2013-03-01,python questions,169067
2013-04-01,c questions,89630
2013-04-01,c++ questions,188039
2013-04-01,java questions,385367
2013-04-01,python questions,176996
2013-05-01,c questions,92825
2013-05-01,c++ questions,194865
2013-05-01,java questions,400632
2013-05-01,python questions,184797
2013-06-01,c questions,95761
2013-06-01,c++ questions,201050
2013-06-01,java questions,414557
2013-06-01,python questions,192390
2013-07-01,c questions,98776
2013-07-01,c++ questions,207626
2013-07-01,java questions,429751
2013-07-01,python questions,201000
2013-08-01,c questions,101785
2013-08-01,c++ questions,213875
2013-08-01,java questions,444820
2013-08-01,python questions,208936
2013-09-01,c questions,105181
2013-09-01,c++ questions,220428
2013-09-01,java questions,461097
2013-09-01,python questions,216901
2013-10-01,c questions,109421
2013-10-01,c++ questions,228403
2013-10-01,java questions,479826
2013-10-01,python questions,226387
2013-11-01,c questions,113710
2013-11-01,c++ questions,236535
2013-11-01,java questions,498600
2013-11-01,python questions,235880
2013-12-01,c questions,117211
2013-12-01,c++ questions,243548
2013-12-01,java questions,516058
2013-12-01,python questions,244340
2014-01-01,c questions,120945
2014-01-01,c++ questions,251242
2014-01-01,java questions,534745
2014-01-01,python questions,254181
2014-02-01,c questions,124919
2014-02-01,c++ questions,258918
2014-02-01,java questions,554002
2014-02-01,python questions,264077
2014-03-01,c questions,129481
2014-03-01,c++ questions,267586
2014-03-01,java questions,575988
2014-03-01,python questions,275499
2014-04-01,c questions,133492
2014-04-01,c++ questions,275726
2014-04-01,java questions,596894
2014-04-01,python questions,286272
2014-05-01,c questions,136754
2014-05-01,c++ questions,282509
2014-05-01,java questions,614871
2014-05-01,python questions,295519
2014-06-01,c questions,139528
2014-06-01,c++ questions,288183
2014-06-01,java questions,630798
2014-06-01,python questions,304434
2014-07-01,c questions,142365
2014-07-01,c++ questions,294453
2014-07-01,java questions,648183
2014-07-01,python questions,314350
2014-08-01,c questions,145042
2014-08-01,c++ questions,300332
2014-08-01,java questions,663922
2014-08-01,python questions,323466
2014-09-01,c questions,148276
2014-09-01,c++ questions,306522
2014-09-01,java questions,680627
2014-09-01,python questions,332240
2014-10-01,c questions,152079
2014-10-01,c++ questions,313359
2014-10-01,java questions,698529
2014-10-01,python questions,341823
2014-11-01,c questions,155748
2014-11-01,c++ questions,319914
2014-11-01,java questions,716375
2014-11-01,python questions,351391
2014-12-01,c questions,158901
2014-12-01,c++ questions,325994
2014-12-01,java questions,732754
2014-12-01,python questions,360430
2015-01-01,c questions,162110
2015-01-01,c++ questions,332122
2015-01-01,java questions,749293
2015-01-01,python questions,370108
2015-02-01,c questions,165474
2015-02-01,c++ questions,338595
2015-02-01,java questions,766051
2015-02-01,python questions,380307
2015-03-01,c questions,169391
2015-03-01,c++ questions,345986
2015-03-01,java questions,785820
2015-03-01,python questions,391914
2015-04-01,c questions,173342
2015-04-01,c++ questions,353130
2015-04-01,java questions,805643
2015-04-01,python questions,403365
2015-05-01,c questions,176864
2015-05-01,c++ questions,359947
2015-05-01,java questions,824195
2015-05-01,python questions,414585
2015-06-01,c questions,180032
2015-06-01,c++ questions,366464
2015-06-01,java questions,842052
2015-06-01,python questions,426398
2015-07-01,c questions,182845
2015-07-01,c++ questions,373164
2015-07-01,java questions,860754
2015-07-01,python questions,438722
2015-08-01,c questions,185416
2015-08-01,c++ questions,379035
2015-08-01,java questions,877852
2015-08-01,python questions,449946
2015-09-01,c questions,188499
2015-09-01,c++ questions,384947
2015-09-01,java questions,894803
2015-09-01,python questions,460913
2015-10-01,c questions,192177
2015-10-01,c++ questions,391996
2015-10-01,java questions,913352
2015-10-01,python questions,473400
2015-11-01,c questions,195791
2015-11-01,c++ questions,399082
2015-11-01,java questions,931140
2015-11-01,python questions,485697
2015-12-01,c questions,198879
2015-12-01,c++ questions,405643
2015-12-01,java questions,947700
2015-12-01,python questions,497358
2016-01-01,c questions,201926
2016-01-01,c++ questions,411741
2016-01-01,java questions,964341
2016-01-01,python questions,509709
2016-02-01,c questions,205204
2016-02-01,c++ questions,418299
2016-02-01,java questions,982192
2016-02-01,python questions,522958
2016-03-01,c questions,208652
2016-03-01,c++ questions,425320
2016-03-01,java questions,1002095
2016-03-01,python questions,537016
2016-04-01,c questions,212011
2016-04-01,c++ questions,432213
2016-04-01,java questions,1021579
2016-04-01,python questions,550678
2016-05-01,c questions,214733
2016-05-01,c++ questions,438348
2016-05-01,java questions,1038617
2016-05-01,python questions,563783
2016-06-01,c questions,217032
2016-06-01,c++ questions,444065
2016-06-01,java questions,1054534
2016-06-01,python questions,576691
2016-07-01,c questions,219378
2016-07-01,c++ questions,449535
2016-07-01,java questions,1069479
2016-07-01,python questions,589517
2016-08-01,c questions,221595
2016-08-01,c++ questions,454550
2016-08-01,java questions,1084658
2016-08-01,python questions,602432
2016-09-01,c questions,224105
2016-09-01,c++ questions,459692
2016-09-01,java questions,1099336
2016-09-01,python questions,614766
2016-10-01,c questions,227312
2016-10-01,c++ questions,465663
2016-10-01,java questions,1114667
2016-10-01,python questions,628265
2016-11-01,c questions,230578
2016-11-01,c++ questions,471746
2016-11-01,java questions,1130314
2016-11-01,python questions,642446
2016-12-01,c questions,233375
2016-12-01,c++ questions,476976
2016-12-01,java questions,1144161
2016-12-01,python questions,655497
2017-01-01,c questions,236133
2017-01-01,c++ questions,482625
2017-01-01,java questions,1158732
2017-01-01,python questions,669768
2017-02-01,c questions,238859
2017-02-01,c++ questions,487794
2017-02-01,java questions,1173297
2017-02-01,python questions,684545
2017-03-01,c questions,241828
2017-03-01,c++ questions,494016
2017-03-01,java questions,1190606
2017-03-01,python questions,701668
2017-04-01,c questions,244682
2017-04-01,c++ questions,499893
2017-04-01,java questions,1206539
2017-04-01,python questions,717311
2017-05-01,c questions,247425
2017-05-01,c++ questions,505193
2017-05-01,java questions,1222879
2017-05-01,python questions,733492
2017-06-01,c questions,249777
2017-06-01,c++ questions,509882
2017-06-01,java questions,1237502
2017-06-01,python questions,749516
2017-07-01,c questions,251827
2017-07-01,c++ questions,514906
2017-07-01,java questions,1251645
2017-07-01,python questions,766425
2017-08-01,c questions,253872
2017-08-01,c++ questions,519695
2017-08-01,java questions,1265399
2017-08-01,python questions,782881
2017-09-01,c questions,255973
2017-09-01,c++ questions,524165
2017-09-01,java questions,1278153
2017-09-01,python questions,798331
2017-10-01,c questions,258757
2017-10-01,c++ questions,529382
2017-10-01,java questions,1292163
2017-10-01,python questions,815265
2017-11-01,c questions,261708
2017-11-01,c++ questions,534417
2017-11-01,java questions,1306340
2017-11-01,python questions,832243
2017-12-01,c questions,263905
2017-12-01,c++ questions,538875
2017-12-01,java questions,1318317
2017-12-01,python questions,847182
2018-01-01,c questions,266124
2018-01-01,c++ questions,543631
2018-01-01,java questions,1330665
2018-01-01,python questions,863425
2018-02-01,c questions,268271
2018-02-01,c++ questions,548201
2018-02-01,java questions,1342696
2018-02-01,python questions,879734
2018-03-01,c questions,270739
2018-03-01,c++ questions,553386
2018-03-01,java questions,1356260
2018-03-01,python questions,897638
2018-04-01,c questions,272926
2018-04-01,c++ questions,558049
2018-04-01,java questions,1369750
2018-04-01,python questions,914615
2018-05-01,c questions,275293
2018-05-01,c++ questions,562735
2018-05-01,java questions,1383225
2018-05-01,python questions,932184
2018-06-01,c questions,277129
2018-06-01,c++ questions,566833
2018-06-01,java questions,1395016
2018-06-01,python questions,948989
2018-07-01,c questions,278729
2018-07-01,c++ questions,570747
2018-07-01,java questions,1406773
2018-07-01,python questions,966920
2018-08-01,c questions,280409
2018-08-01,c++ questions,574650
2018-08-01,java questions,1418078
2018-08-01,python questions,984641
2018-09-01,c questions,282247
2018-09-01,c++ questions,578389
2018-09-01,java questions,1428798
2018-09-01,python questions,1000628
2018-10-01,c questions,284695
2018-10-01,c++ questions,582700
2018-10-01,java questions,1441294
2018-10-01,python questions,1018763
2018-11-01,c questions,287217
2018-11-01,c++ questions,587044
2018-11-01,java questions,1452998
2018-11-01,python questions,1036763
2018-12-01,c questions,289410
2018-12-01,c++ questions,590602
2018-12-01,java questions,1463440
2018-12-01,python questions,1052485
2019-01-01,c questions,291696
2019-01-01,c++ questions,594506
2019-01-01,java questions,1474461
2019-01-01,python questions,1069419
2019-02-01,c questions,293751
2019-02-01,c++ questions,598241
2019-02-01,java questions,1485450
2019-02-01,python questions,1086931
2019-03-01,c questions,296132
2019-03-01,c++ questions,602664
2019-03-01,java questions,1497493
2019-03-01,python questions,1106824
2019-04-01,c questions,298560
2019-04-01,c++ questions,607039
2019-04-01,java questions,1508657
2019-04-01,python questions,1126635
2019-05-01,c questions,300654
2019-05-01,c++ questions,611161
2019-05-01,java questions,1519754
2019-05-01,python questions,1145527
2019-06-01,c questions,302378
2019-06-01,c++ questions,614803
2019-06-01,java questions,1529389
2019-06-01,python questions,1162750
2019-07-01,c questions,304134
2019-07-01,c++ questions,619065
2019-07-01,java questions,1540216
2019-07-01,python questions,1182494
2019-08-01,c questions,305686
2019-08-01,c++ questions,622356
2019-08-01,java questions,1549298
2019-08-01,python questions,1200527
2019-09-01,c questions,307692
2019-09-01,c++ questions,626135
2019-09-01,java questions,1558977
2019-09-01,python questions,1217398
2019-10-01,c questions,310169
2019-10-01,c++ questions,630975
2019-10-01,java questions,1570186
2019-10-01,python questions,1237839
2019-11-01,c questions,312683
2019-11-01,c++ questions,635704
2019-11-01,java questions,1580512
2019-11-01,python questions,1258442
2019-12-01,c questions,314830
2019-12-01,c++ questions,639906
2019-12-01,java questions,1589548
2019-12-01,python questions,1276554
2020-01-01,c questions,316880
2020-01-01,c++ questions,644144
2020-01-01,java questions,1599513
2020-01-01,python questions,1296536
2020-02-01,c questions,318861
2020-02-01,c++ questions,648239
2020-02-01,java questions,1609562
2020-02-01,python questions,1316587
2020-03-01,c questions,321350
2020-03-01,c++ questions,652885
2020-03-01,java questions,1620623
2020-03-01,python questions,1339298
2020-04-01,c questions,324603
2020-04-01,c++ questions,659114
2020-04-01,java questions,1633256
2020-04-01,python questions,1366942
2020-05-01,c questions,327978
2020-05-01,c++ questions,665536
2020-05-01,java questions,1645287
2020-05-01,python questions,1396422
2020-06-01,c questions,330574
2020-06-01,c++ questions,671168
2020-06-01,java questions,1656122
2020-06-01,python questions,1423559
2020-07-01,c questions,332673
2020-07-01,c++ questions,676341
2020-07-01,java questions,1666577
2020-07-01,python questions,1449848
2020-08-01,c questions,334570
2020-08-01,c++ questions,681128
2020-08-01,java questions,1675904
2020-08-01,python questions,1472927
2020-09-01,c questions,336734
2020-09-01,c++ questions,685055
2020-09-01,java questions,1684859
2020-09-01,python questions,1494705
2020-10-01,c questions,339121
2020-10-01,c++ questions,689392
2020-10-01,java questions,1693817
2020-10-01,python questions,1517535
2020-11-01,c questions,341831
2020-11-01,c++ questions,693731
2020-11-01,java questions,1702323
2020-11-01,python questions,1539771
2020-12-01,c questions,344484
2020-12-01,c++ questions,698187
2020-12-01,java questions,1710169
2020-12-01,python questions,1562034
2021-01-01,c questions,347058
2021-01-01,c++ questions,702298
2021-01-01,java questions,1718231
2021-01-01,python questions,1584959
2021-02-01,c questions,349304
2021-02-01,c++ questions,706406
2021-02-01,java questions,1725849
2021-02-01,python questions,1606417
2021-03-01,c questions,351806
2021-03-01,c++ questions,710726
2021-03-01,java questions,1734543
2021-03-01,python questions,1630410
2021-04-01,c questions,354114
2021-04-01,c++ questions,714690
2021-04-01,java questions,1742505
2021-04-01,python questions,1653212
2021-05-01,c questions,356217
2021-05-01,c++ questions,718907
2021-05-01,java questions,1750502
2021-05-01,python questions,1675745
2021-06-01,c questions,358166
2021-06-01,c++ questions,722953
2021-06-01,java questions,1759138
2021-06-01,python questions,1698967
2021-07-01,c questions,359869
2021-07-01,c++ questions,726720
2021-07-01,java questions,1767413
2021-07-01,python questions,1722946
2021-08-01,c questions,361480
2021-08-01,c++ questions,730181
2021-08-01,java questions,1775314
2021-08-01,python questions,1745939
2021-09-01,c questions,363267
2021-09-01,c++ questions,734082
2021-09-01,java questions,1783066
2021-09-01,python questions,1767773
2021-10-01,c questions,365456
2021-10-01,c++ questions,738128
2021-10-01,java questions,1790773
2021-10-01,python questions,1790500
2021-11-01,c questions,367789
2021-11-01,c++ questions,742281
2021-11-01,java questions,1799026
2021-11-01,python questions,1813806
2021-12-01,c questions,370049
2021-12-01,c++ questions,746142
2021-12-01,java questions,1806546
2021-12-01,python questions,1835812
2022-01-01,c questions,372111
2022-01-01,c++ questions,750026
2022-01-01,java questions,1814243
2022-01-01,python questions,1858403
2022-02-01,c questions,373901
2022-02-01,c++ questions,753510
2022-02-01,java questions,1821524
2022-02-01,python questions,1881067
2022-03-01,c questions,376005
2022-03-01,c++ questions,757361
2022-03-01,java questions,1829665
2022-03-01,python questions,1905702
2022-04-01,c questions,377889
2022-04-01,c++ questions,761233
2022-04-01,java questions,1837566
2022-04-01,python questions,1929430
2022-05-01,c questions,379924
2022-05-01,c++ questions,765491
2022-05-01,java questions,1846039
2022-05-01,python questions,1954435
2022-06-01,c questions,380767
2022-06-01,c++ questions,767230
2022-06-01,java questions,1849462
2022-06-01,python questions,1964396
,,
(668 row(s,d),
----------,--------------------,----------
2008-07-01,c# questions,3
2008-08-01,c# questions,509
2008-08-01,javascript questions,164
2008-08-01,vb.net questions,62
2008-08-01,vb6 questions,10
2008-09-01,c# questions,2157
2008-09-01,javascript questions,801
2008-09-01,vb.net questions,274
2008-09-01,vb6 questions,64
2008-10-01,c# questions,4146
2008-10-01,javascript questions,1525
2008-10-01,vb.net questions,515
2008-10-01,vb6 questions,128
2008-11-01,c# questions,5878
2008-11-01,javascript questions,2105
2008-11-01,vb.net questions,741
2008-11-01,vb6 questions,188
2008-12-01,c# questions,7474
2008-12-01,javascript questions,2731
2008-12-01,vb.net questions,953
2008-12-01,vb6 questions,230
2009-01-01,c# questions,9851
2009-01-01,javascript questions,3523
2009-01-01,vb.net questions,1199
2009-01-01,vb6 questions,277
2009-02-01,c# questions,12450
2009-02-01,javascript questions,4471
2009-02-01,vb.net questions,1482
2009-02-01,vb6 questions,326
2009-03-01,c# questions,15613
2009-03-01,javascript questions,5478
2009-03-01,vb.net questions,1874
2009-03-01,vb6 questions,405
2009-04-01,c# questions,18924
2009-04-01,javascript questions,6527
2009-04-01,vb.net questions,2249
2009-04-01,vb6 questions,457
2009-05-01,c# questions,22477
2009-05-01,javascript questions,7959
2009-05-01,vb.net questions,2678
2009-05-01,vb6 questions,537
2009-06-01,c# questions,26357
2009-06-01,javascript questions,9515
2009-06-01,vb.net questions,3112
2009-06-01,vb6 questions,608
2009-07-01,c# questions,30764
2009-07-01,javascript questions,11268
2009-07-01,vb.net questions,3559
2009-07-01,vb6 questions,701
2009-08-01,c# questions,35219
2009-08-01,javascript questions,13124
2009-08-01,vb.net questions,4107
2009-08-01,vb6 questions,789
2009-09-01,c# questions,39566
2009-09-01,javascript questions,14881
2009-09-01,vb.net questions,4586
2009-09-01,vb6 questions,879
2009-10-01,c# questions,44287
2009-10-01,javascript questions,16925
2009-10-01,vb.net questions,5013
2009-10-01,vb6 questions,959
2009-11-01,c# questions,48966
2009-11-01,javascript questions,19154
2009-11-01,vb.net questions,5460
2009-11-01,vb6 questions,1034
2009-12-01,c# questions,53452
2009-12-01,javascript questions,21461
2009-12-01,vb.net questions,5957
2009-12-01,vb6 questions,1109
2010-01-01,c# questions,58564
2010-01-01,javascript questions,24083
2010-01-01,vb.net questions,6492
2010-01-01,vb6 questions,1187
2010-02-01,c# questions,63658
2010-02-01,javascript questions,26724
2010-02-01,vb.net questions,7092
2010-02-01,vb6 questions,1270
2010-03-01,c# questions,69692
2010-03-01,javascript questions,29712
2010-03-01,vb.net questions,7764
2010-03-01,vb6 questions,1347
2010-04-01,c# questions,75470
2010-04-01,javascript questions,32719
2010-04-01,vb.net questions,8369
2010-04-01,vb6 questions,1432
2010-05-01,c# questions,81400
2010-05-01,javascript questions,35952
2010-05-01,vb.net questions,8914
2010-05-01,vb6 questions,1517
2010-06-01,c# questions,87545
2010-06-01,javascript questions,39424
2010-06-01,vb.net questions,9462
2010-06-01,vb6 questions,1608
2010-07-01,c# questions,94228
2010-07-01,javascript questions,43303
2010-07-01,vb.net questions,10142
2010-07-01,vb6 questions,1699
2010-08-01,c# questions,101192
2010-08-01,javascript questions,47306
2010-08-01,vb.net questions,10762
2010-08-01,vb6 questions,1789
2010-09-01,c# questions,107601
2010-09-01,javascript questions,51303
2010-09-01,vb.net questions,11352
2010-09-01,vb6 questions,1871
2010-10-01,c# questions,114336
2010-10-01,javascript questions,55415
2010-10-01,vb.net questions,11985
2010-10-01,vb6 questions,1977
2010-11-01,c# questions,121655
2010-11-01,javascript questions,59962
2010-11-01,vb.net questions,12696
2010-11-01,vb6 questions,2063
2010-12-01,c# questions,128762
2010-12-01,javascript questions,64916
2010-12-01,vb.net questions,13316
2010-12-01,vb6 questions,2153
2011-01-01,c# questions,136747
2011-01-01,javascript questions,70340
2011-01-01,vb.net questions,14151
2011-01-01,vb6 questions,2228
2011-02-01,c# questions,144969
2011-02-01,javascript questions,75931
2011-02-01,vb.net questions,14958
2011-02-01,vb6 questions,2318
2011-03-01,c# questions,154956
2011-03-01,javascript questions,82700
2011-03-01,vb.net questions,15850
2011-03-01,vb6 questions,2447
2011-04-01,c# questions,164235
2011-04-01,javascript questions,89579
2011-04-01,vb.net questions,16847
2011-04-01,vb6 questions,2552
2011-05-01,c# questions,174250
2011-05-01,javascript questions,96890
2011-05-01,vb.net questions,17771
2011-05-01,vb6 questions,2656
2011-06-01,c# questions,184010
2011-06-01,javascript questions,104574
2011-06-01,vb.net questions,18669
2011-06-01,vb6 questions,2757
2011-07-01,c# questions,193619
2011-07-01,javascript questions,112689
2011-07-01,vb.net questions,19552
2011-07-01,vb6 questions,2830
2011-08-01,c# questions,203690
2011-08-01,javascript questions,121602
2011-08-01,vb.net questions,20471
2011-08-01,vb6 questions,2910
2011-09-01,c# questions,212997
2011-09-01,javascript questions,129800
2011-09-01,vb.net questions,21320
2011-09-01,vb6 questions,3003
2011-10-01,c# questions,222226
2011-10-01,javascript questions,137842
2011-10-01,vb.net questions,22217
2011-10-01,vb6 questions,3074
2011-11-01,c# questions,232140
2011-11-01,javascript questions,146537
2011-11-01,vb.net questions,23084
2011-11-01,vb6 questions,3171
2011-12-01,c# questions,241463
2011-12-01,javascript questions,154883
2011-12-01,vb.net questions,23949
2011-12-01,vb6 questions,3275
2012-01-01,c# questions,251921
2012-01-01,javascript questions,164496
2012-01-01,vb.net questions,24953
2012-01-01,vb6 questions,3394
2012-02-01,c# questions,262685
2012-02-01,javascript questions,174494
2012-02-01,vb.net questions,26021
2012-02-01,vb6 questions,3501
2012-03-01,c# questions,274287
2012-03-01,javascript questions,185213
2012-03-01,vb.net questions,27071
2012-03-01,vb6 questions,3591
2012-04-01,c# questions,285420
2012-04-01,javascript questions,195887
2012-04-01,vb.net questions,28064
2012-04-01,vb6 questions,3697
2012-05-01,c# questions,296997
2012-05-01,javascript questions,207413
2012-05-01,vb.net questions,29126
2012-05-01,vb6 questions,3800
2012-06-01,c# questions,308321
2012-06-01,javascript questions,218648
2012-06-01,vb.net questions,30032
2012-06-01,vb6 questions,3889
2012-07-01,c# questions,320637
2012-07-01,javascript questions,230962
2012-07-01,vb.net questions,31052
2012-07-01,vb6 questions,4021
2012-08-01,c# questions,332580
2012-08-01,javascript questions,243394
2012-08-01,vb.net questions,32155
2012-08-01,vb6 questions,4141
2012-09-01,c# questions,343854
2012-09-01,javascript questions,254563
2012-09-01,vb.net questions,33275
2012-09-01,vb6 questions,4241
2012-10-01,c# questions,356569
2012-10-01,javascript questions,266986
2012-10-01,vb.net questions,34472
2012-10-01,vb6 questions,4323
2012-11-01,c# questions,368799
2012-11-01,javascript questions,279332
2012-11-01,vb.net questions,35774
2012-11-01,vb6 questions,4420
2012-12-01,c# questions,379747
2012-12-01,javascript questions,291076
2012-12-01,vb.net questions,36874
2012-12-01,vb6 questions,4505
2013-01-01,c# questions,392499
2013-01-01,javascript questions,304866
2013-01-01,vb.net questions,38210
2013-01-01,vb6 questions,4608
2013-02-01,c# questions,404983
2013-02-01,javascript questions,318485
2013-02-01,vb.net questions,39513
2013-02-01,vb6 questions,4696
2013-03-01,c# questions,419213
2013-03-01,javascript questions,333770
2013-03-01,vb.net questions,40918
2013-03-01,vb6 questions,4822
2013-04-01,c# questions,433092
2013-04-01,javascript questions,349087
2013-04-01,vb.net questions,42477
2013-04-01,vb6 questions,4947
2013-05-01,c# questions,446549
2013-05-01,javascript questions,364128
2013-05-01,vb.net questions,43909
2013-05-01,vb6 questions,5041
2013-06-01,c# questions,459325
2013-06-01,javascript questions,378727
2013-06-01,vb.net questions,45315
2013-06-01,vb6 questions,5157
2013-07-01,c# questions,473500
2013-07-01,javascript questions,395542
2013-07-01,vb.net questions,46938
2013-07-01,vb6 questions,5287
2013-08-01,c# questions,487349
2013-08-01,javascript questions,412381
2013-08-01,vb.net questions,48518
2013-08-01,vb6 questions,5383
2013-09-01,c# questions,501107
2013-09-01,javascript questions,430097
2013-09-01,vb.net questions,50092
2013-09-01,vb6 questions,5471
2013-10-01,c# questions,516311
2013-10-01,javascript questions,449838
2013-10-01,vb.net questions,51917
2013-10-01,vb6 questions,5607
2013-11-01,c# questions,530902
2013-11-01,javascript questions,468343
2013-11-01,vb.net questions,53532
2013-11-01,vb6 questions,5698
2013-12-01,c# questions,544536
2013-12-01,javascript questions,486375
2013-12-01,vb.net questions,55083
2013-12-01,vb6 questions,5787
2014-01-01,c# questions,559873
2014-01-01,javascript questions,507501
2014-01-01,vb.net questions,56864
2014-01-01,vb6 questions,5913
2014-02-01,c# questions,574992
2014-02-01,javascript questions,528668
2014-02-01,vb.net questions,58569
2014-02-01,vb6 questions,6018
2014-03-01,c# questions,591160
2014-03-01,javascript questions,551325
2014-03-01,vb.net questions,60532
2014-03-01,vb6 questions,6127
2014-04-01,c# questions,606493
2014-04-01,javascript questions,572778
2014-04-01,vb.net questions,62359
2014-04-01,vb6 questions,6248
2014-05-01,c# questions,620404
2014-05-01,javascript questions,592582
2014-05-01,vb.net questions,63807
2014-05-01,vb6 questions,6348
2014-06-01,c# questions,632910
2014-06-01,javascript questions,610888
2014-06-01,vb.net questions,65150
2014-06-01,vb6 questions,6435
2014-07-01,c# questions,646605
2014-07-01,javascript questions,631029
2014-07-01,vb.net questions,66646
2014-07-01,vb6 questions,6524
2014-08-01,c# questions,659097
2014-08-01,javascript questions,649485
2014-08-01,vb.net questions,67968
2014-08-01,vb6 questions,6603
2014-09-01,c# questions,671417
2014-09-01,javascript questions,667618
2014-09-01,vb.net questions,69267
2014-09-01,vb6 questions,6687
2014-10-01,c# questions,683971
2014-10-01,javascript questions,686537
2014-10-01,vb.net questions,70665
2014-10-01,vb6 questions,6767
2014-11-01,c# questions,695844
2014-11-01,javascript questions,704512
2014-11-01,vb.net questions,71988
2014-11-01,vb6 questions,6843
2014-12-01,c# questions,706925
2014-12-01,javascript questions,721501
2014-12-01,vb.net questions,73285
2014-12-01,vb6 questions,6921
2015-01-01,c# questions,718668
2015-01-01,javascript questions,740039
2015-01-01,vb.net questions,74610
2015-01-01,vb6 questions,7003
2015-02-01,c# questions,730455
2015-02-01,javascript questions,758708
2015-02-01,vb.net questions,75824
2015-02-01,vb6 questions,7089
2015-03-01,c# questions,743729
2015-03-01,javascript questions,779254
2015-03-01,vb.net questions,77189
2015-03-01,vb6 questions,7162
2015-04-01,c# questions,756822
2015-04-01,javascript questions,800165
2015-04-01,vb.net questions,78528
2015-04-01,vb6 questions,7249
2015-05-01,c# questions,770182
2015-05-01,javascript questions,822326
2015-05-01,vb.net questions,79857
2015-05-01,vb6 questions,7316
2015-06-01,c# questions,783718
2015-06-01,javascript questions,844947
2015-06-01,vb.net questions,81238
2015-06-01,vb6 questions,7388
2015-07-01,c# questions,797842
2015-07-01,javascript questions,868928
2015-07-01,vb.net questions,82605
2015-07-01,vb6 questions,7476
2015-08-01,c# questions,811070
2015-08-01,javascript questions,891098
2015-08-01,vb.net questions,83832
2015-08-01,vb6 questions,7541
2015-09-01,c# questions,823991
2015-09-01,javascript questions,912500
2015-09-01,vb.net questions,85072
2015-09-01,vb6 questions,7615
2015-10-01,c# questions,836788
2015-10-01,javascript questions,934333
2015-10-01,vb.net questions,86296
2015-10-01,vb6 questions,7678
2015-11-01,c# questions,849175
2015-11-01,javascript questions,955615
2015-11-01,vb.net questions,87428
2015-11-01,vb6 questions,7748
2015-12-01,c# questions,861323
2015-12-01,javascript questions,976704
2015-12-01,vb.net questions,88575
2015-12-01,vb6 questions,7810
2016-01-01,c# questions,873689
2016-01-01,javascript questions,999229
2016-01-01,vb.net questions,89812
2016-01-01,vb6 questions,7878
2016-02-01,c# questions,886431
2016-02-01,javascript questions,1021708
2016-02-01,vb.net questions,91027
2016-02-01,vb6 questions,7959
2016-03-01,c# questions,900040
2016-03-01,javascript questions,1045807
2016-03-01,vb.net questions,92323
2016-03-01,vb6 questions,8026
2016-04-01,c# questions,913757
2016-04-01,javascript questions,1069271
2016-04-01,vb.net questions,93520
2016-04-01,vb6 questions,8086
2016-05-01,c# questions,927249
2016-05-01,javascript questions,1092274
2016-05-01,vb.net questions,94735
2016-05-01,vb6 questions,8156
2016-06-01,c# questions,940312
2016-06-01,javascript questions,1114420
2016-06-01,vb.net questions,95840
2016-06-01,vb6 questions,8240
2016-07-01,c# questions,952316
2016-07-01,javascript questions,1136626
2016-07-01,vb.net questions,96904
2016-07-01,vb6 questions,8329
2016-08-01,c# questions,965037
2016-08-01,javascript questions,1159294
2016-08-01,vb.net questions,98001
2016-08-01,vb6 questions,8393
2016-09-01,c# questions,976145
2016-09-01,javascript questions,1179745
2016-09-01,vb.net questions,98962
2016-09-01,vb6 questions,8452
2016-10-01,c# questions,987599
2016-10-01,javascript questions,1200191
2016-10-01,vb.net questions,99950
2016-10-01,vb6 questions,8515
2016-11-01,c# questions,999252
2016-11-01,javascript questions,1220705
2016-11-01,vb.net questions,100933
2016-11-01,vb6 questions,8572
2016-12-01,c# questions,1009939
2016-12-01,javascript questions,1240511
2016-12-01,vb.net questions,101806
2016-12-01,vb6 questions,8632
2017-01-01,c# questions,1021633
2017-01-01,javascript questions,1261912
2017-01-01,vb.net questions,102759
2017-01-01,vb6 questions,8702
2017-02-01,c# questions,1033121
2017-02-01,javascript questions,1283093
2017-02-01,vb.net questions,103683
2017-02-01,vb6 questions,8747
2017-03-01,c# questions,1046108
2017-03-01,javascript questions,1306802
2017-03-01,vb.net questions,104737
2017-03-01,vb6 questions,8798
2017-04-01,c# questions,1057198
2017-04-01,javascript questions,1328033
2017-04-01,vb.net questions,105680
2017-04-01,vb6 questions,8840
2017-05-01,c# questions,1069176
2017-05-01,javascript questions,1350419
2017-05-01,vb.net questions,106629
2017-05-01,vb6 questions,8912
2017-06-01,c# questions,1080478
2017-06-01,javascript questions,1371994
2017-06-01,vb.net questions,107490
2017-06-01,vb6 questions,8955
2017-07-01,c# questions,1091682
2017-07-01,javascript questions,1393602
2017-07-01,vb.net questions,108354
2017-07-01,vb6 questions,9010
2017-08-01,c# questions,1102634
2017-08-01,javascript questions,1414950
2017-08-01,vb.net questions,109133
2017-08-01,vb6 questions,9069
2017-09-01,c# questions,1112507
2017-09-01,javascript questions,1433945
2017-09-01,vb.net questions,109881
2017-09-01,vb6 questions,9105
2017-10-01,c# questions,1122741
2017-10-01,javascript questions,1453803
2017-10-01,vb.net questions,110631
2017-10-01,vb6 questions,9149
2017-11-01,c# questions,1132535
2017-11-01,javascript questions,1473206
2017-11-01,vb.net questions,111396
2017-11-01,vb6 questions,9186
2017-12-01,c# questions,1141147
2017-12-01,javascript questions,1490176
2017-12-01,vb.net questions,112046
2017-12-01,vb6 questions,9218
2018-01-01,c# questions,1150522
2018-01-01,javascript questions,1509082
2018-01-01,vb.net questions,112675
2018-01-01,vb6 questions,9257
2018-02-01,c# questions,1159103
2018-02-01,javascript questions,1526296
2018-02-01,vb.net questions,113317
2018-02-01,vb6 questions,9296
2018-03-01,c# questions,1168894
2018-03-01,javascript questions,1545451
2018-03-01,vb.net questions,113988
2018-03-01,vb6 questions,9330
2018-04-01,c# questions,1178130
2018-04-01,javascript questions,1563406
2018-04-01,vb.net questions,114562
2018-04-01,vb6 questions,9365
2018-05-01,c# questions,1188058
2018-05-01,javascript questions,1581470
2018-05-01,vb.net questions,115247
2018-05-01,vb6 questions,9406
2018-06-01,c# questions,1196847
2018-06-01,javascript questions,1598653
2018-06-01,vb.net questions,115840
2018-06-01,vb6 questions,9443
2018-07-01,c# questions,1206253
2018-07-01,javascript questions,1616450
2018-07-01,vb.net questions,116433
2018-07-01,vb6 questions,9478
2018-08-01,c# questions,1215733
2018-08-01,javascript questions,1634301
2018-08-01,vb.net questions,116946
2018-08-01,vb6 questions,9517
2018-09-01,c# questions,1224090
2018-09-01,javascript questions,1650307
2018-09-01,vb.net questions,117524
2018-09-01,vb6 questions,9542
2018-10-01,c# questions,1233421
2018-10-01,javascript questions,1667711
2018-10-01,vb.net questions,118106
2018-10-01,vb6 questions,9584
2018-11-01,c# questions,1241893
2018-11-01,javascript questions,1683878
2018-11-01,vb.net questions,118662
2018-11-01,vb6 questions,9614
2018-12-01,c# questions,1249434
2018-12-01,javascript questions,1698147
2018-12-01,vb.net questions,119122
2018-12-01,vb6 questions,9645
2019-01-01,c# questions,1258180
2019-01-01,javascript questions,1714158
2019-01-01,vb.net questions,119708
2019-01-01,vb6 questions,9694
2019-02-01,c# questions,1266532
2019-02-01,javascript questions,1729845
2019-02-01,vb.net questions,120328
2019-02-01,vb6 questions,9727
2019-03-01,c# questions,1275487
2019-03-01,javascript questions,1747163
2019-03-01,vb.net questions,120943
2019-03-01,vb6 questions,9756
2019-04-01,c# questions,1284608
2019-04-01,javascript questions,1763326
2019-04-01,vb.net questions,121569
2019-04-01,vb6 questions,9776
2019-05-01,c# questions,1293629
2019-05-01,javascript questions,1779461
2019-05-01,vb.net questions,122140
2019-05-01,vb6 questions,9810
2019-06-01,c# questions,1301232
2019-06-01,javascript questions,1794268
2019-06-01,vb.net questions,122663
2019-06-01,vb6 questions,9828
2019-07-01,c# questions,1309674
2019-07-01,javascript questions,1810413
2019-07-01,vb.net questions,123223
2019-07-01,vb6 questions,9848
2019-08-01,c# questions,1317381
2019-08-01,javascript questions,1825629
2019-08-01,vb.net questions,123687
2019-08-01,vb6 questions,9875
2019-09-01,c# questions,1325219
2019-09-01,javascript questions,1840509
2019-09-01,vb.net questions,124149
2019-09-01,vb6 questions,9903
2019-10-01,c# questions,1333628
2019-10-01,javascript questions,1856486
2019-10-01,vb.net questions,124691
2019-10-01,vb6 questions,9948
2019-11-01,c# questions,1341647
2019-11-01,javascript questions,1872231
2019-11-01,vb.net questions,125180
2019-11-01,vb6 questions,9988
2019-12-01,c# questions,1348853
2019-12-01,javascript questions,1886540
2019-12-01,vb.net questions,125657
2019-12-01,vb6 questions,10021
2020-01-01,c# questions,1356664
2020-01-01,javascript questions,1902564
2020-01-01,vb.net questions,126116
2020-01-01,vb6 questions,10056
2020-02-01,c# questions,1364383
2020-02-01,javascript questions,1918303
2020-02-01,vb.net questions,126593
2020-02-01,vb6 questions,10081
2020-03-01,c# questions,1372169
2020-03-01,javascript questions,1935880
2020-03-01,vb.net questions,127116
2020-03-01,vb6 questions,10100
2020-04-01,c# questions,1380751
2020-04-01,javascript questions,1956797
2020-04-01,vb.net questions,127698
2020-04-01,vb6 questions,10124
2020-05-01,c# questions,1389351
2020-05-01,javascript questions,1978289
2020-05-01,vb.net questions,128207
2020-05-01,vb6 questions,10148
2020-06-01,c# questions,1397255
2020-06-01,javascript questions,1998134
2020-06-01,vb.net questions,128687
2020-06-01,vb6 questions,10174
2020-07-01,c# questions,1405076
2020-07-01,javascript questions,2018047
2020-07-01,vb.net questions,129150
2020-07-01,vb6 questions,10193
2020-08-01,c# questions,1412151
2020-08-01,javascript questions,2036113
2020-08-01,vb.net questions,129581
2020-08-01,vb6 questions,10211
2020-09-01,c# questions,1418617
2020-09-01,javascript questions,2052900
2020-09-01,vb.net questions,129990
2020-09-01,vb6 questions,10235
2020-10-01,c# questions,1424822
2020-10-01,javascript questions,2069356
2020-10-01,vb.net questions,130432
2020-10-01,vb6 questions,10256
2020-11-01,c# questions,1430811
2020-11-01,javascript questions,2084911
2020-11-01,vb.net questions,130812
2020-11-01,vb6 questions,10267
2020-12-01,c# questions,1436561
2020-12-01,javascript questions,2100971
2020-12-01,vb.net questions,131174
2020-12-01,vb6 questions,10280
2021-01-01,c# questions,1442771
2021-01-01,javascript questions,2117887
2021-01-01,vb.net questions,131560
2021-01-01,vb6 questions,10297
2021-02-01,c# questions,1448586
2021-02-01,javascript questions,2133201
2021-02-01,vb.net questions,131927
2021-02-01,vb6 questions,10320
2021-03-01,c# questions,1455001
2021-03-01,javascript questions,2150017
2021-03-01,vb.net questions,132379
2021-03-01,vb6 questions,10335
2021-04-01,c# questions,1460932
2021-04-01,javascript questions,2165934
2021-04-01,vb.net questions,132800
2021-04-01,vb6 questions,10359
2021-05-01,c# questions,1466707
2021-05-01,javascript questions,2181803
2021-05-01,vb.net questions,133129
2021-05-01,vb6 questions,10382
2021-06-01,c# questions,1472835
2021-06-01,javascript questions,2198464
2021-06-01,vb.net questions,133465
2021-06-01,vb6 questions,10395
2021-07-01,c# questions,1478753
2021-07-01,javascript questions,2215708
2021-07-01,vb.net questions,133778
2021-07-01,vb6 questions,10412
2021-08-01,c# questions,1484485
2021-08-01,javascript questions,2232655
2021-08-01,vb.net questions,134134
2021-08-01,vb6 questions,10430
2021-09-01,c# questions,1490218
2021-09-01,javascript questions,2249235
2021-09-01,vb.net questions,134448
2021-09-01,vb6 questions,10450
2021-10-01,c# questions,1496193
2021-10-01,javascript questions,2265255
2021-10-01,vb.net questions,134794
2021-10-01,vb6 questions,10470
2021-11-01,c# questions,1502554
2021-11-01,javascript questions,2281037
2021-11-01,vb.net questions,135111
2021-11-01,vb6 questions,10481
2021-12-01,c# questions,1508254
2021-12-01,javascript questions,2296286
2021-12-01,vb.net questions,135458
2021-12-01,vb6 questions,10507
2022-01-01,c# questions,1514161
2022-01-01,javascript questions,2312534
2022-01-01,vb.net questions,135778
2022-01-01,vb6 questions,10524
2022-02-01,c# questions,1519998
2022-02-01,javascript questions,2328001
2022-02-01,vb.net questions,136129
2022-02-01,vb6 questions,10552
2022-03-01,c# questions,1526494
2022-03-01,javascript questions,2344380
2022-03-01,vb.net questions,136496
2022-03-01,vb6 questions,10564
2022-04-01,c# questions,1532472
2022-04-01,javascript questions,2360455
2022-04-01,vb.net questions,136796
2022-04-01,vb6 questions,10579
2022-05-01,c# questions,1539155
2022-05-01,javascript questions,2377644
2022-05-01,vb.net questions,137148
2022-05-01,vb6 questions,10592
2022-06-01,c# questions,1541873
2022-06-01,javascript questions,2384290
2022-06-01,vb.net questions,137277
2022-06-01,vb6 questions,10602
